jour,membre_id,nb_nourriture
1,36,1
1,28,2
1,14,1
1,49,1
1,46,2
1,78,2
1,6,3
1,59,3
1,16,2
1,11,3
2,21,2
2,46,1
2,86,2
2,90,3
2,83,1
2,78,3
2,22,3
2,94,1
2,21,2
2,49,2
3,5,2
3,52,2
3,9,1
3,73,3
3,41,1
3,84,2
3,51,3
3,59,1
4,12,1
4,15,1
4,81,1
4,88,2
4,77,1
4,50,2
4,77,2
4,68,2
4,71,1
4,88,3
4,15,3
4,69,2
5,81,2
5,82,3
5,78,1
5,20,2
5,98,1
5,70,3
6,31,1
6,31,3
6,11,1
6,94,2
6,9,3
6,99,1
6,17,3
6,61,3
6,22,2
7,52,3
7,84,2
7,57,3
7,58,1
7,32,1
7,9,2
7,3,3
7,71,1
7,76,1
8,61,2
8,25,1
8,13,3
8,56,2
8,55,2
8,60,3
8,7,3
8,84,3
9,57,3
9,13,1
9,84,3
9,2,1
9,97,1
9,22,2
10,20,1
10,38,1
10,8,3
10,95,3
10,8,3
10,41,1
10,7,3
10,62,3
10,68,1
10,8,3
10,11,1
10,9,3
11,34,1
11,86,3
11,41,1
11,34,2
11,17,3
11,83,2
11,59,2
11,97,1
11,2,2
11,80,3
12,37,1
12,57,3
12,91,2
12,79,3
12,68,1
12,86,3
12,39,3
12,14,1
12,34,1
12,14,3
13,12,3
13,55,2
13,6,1
13,43,1
13,82,2
14,56,1
14,6,2
14,47,1
14,46,1
14,88,1
14,86,1
14,46,3
15,53,1
15,23,3
15,43,2
15,86,3
15,32,2
15,21,3
15,14,2
16,45,3
16,66,2
16,87,3
16,43,1
16,15,2
16,23,3
16,34,1
16,14,3
16,56,2
17,6,3
17,56,1
17,67,3
17,88,3
17,95,3
17,86,1
17,47,2
17,9,3
17,43,3
18,87,3
18,23,3
18,73,2
18,52,3
18,1,2
18,37,1
18,56,3
18,78,3
18,42,2
18,57,2
18,87,1
19,97,1
19,87,2
19,29,1
19,19,1
19,6,1
19,61,3
20,7,3
20,32,1
20,59,1
20,60,3
20,68,3
20,77,2
20,97,2
20,79,3
20,65,2
20,71,2
20,21,3
20,61,2
21,35,2
21,41,3
21,11,1
21,20,1
21,50,3
21,20,3
21,28,1
21,54,2
22,62,1
22,46,2
22,97,2
22,54,3
22,96,3
22,70,3
22,29,2
22,29,2
22,56,2
22,4,2
22,44,3
23,11,3
23,55,1
23,60,1
23,7,2
23,49,2
24,3,3
24,70,1
24,45,1
24,84,1
24,84,1
24,97,1
24,32,1
24,3,3
24,20,1
24,17,2
24,86,1
24,73,1
25,51,3
25,26,1
25,76,3
25,81,1
25,14,3
25,99,2
25,88,3
25,16,3
25,6,2
25,69,2
25,85,2
26,91,1
26,56,1
26,94,3
26,84,2
26,79,3
26,62,2
26,56,3
26,76,2
26,42,1
26,12,2
26,58,1
26,97,2
27,34,2
27,36,3
27,90,2
27,72,1
27,67,1
27,11,1
27,93,2
27,63,3
27,98,1
27,89,2
28,61,3
28,68,2
28,55,3
28,71,2
28,46,3
28,59,2
28,40,2
28,30,1
28,93,1
28,41,1
29,13,1
29,38,1
29,47,1
29,39,1
29,91,3
29,17,2
29,6,1
29,71,2
29,90,1
30,15,1
30,52,2
30,10,3
30,81,3
30,7,1
30,20,3
30,39,1
30,32,1
30,72,2
30,78,3
30,80,1
30,67,2
31,98,1
31,81,1
31,34,3
31,11,1
31,31,1
31,71,1
32,10,3
32,30,2
32,81,3
32,85,1
32,55,1
32,70,1
32,83,1
32,35,1
32,10,1
32,22,2
32,77,3
32,73,2
33,11,3
33,6,2
33,95,2
33,78,2
33,4,1
33,30,3
33,74,3
33,3,3
33,35,3
33,6,1
33,61,3
33,84,2
34,42,3
34,14,1
34,43,2
34,89,2
34,37,3
34,52,3
34,5,2
34,12,2
34,33,2
34,15,2
35,27,2
35,71,1
35,37,2
35,90,2
35,16,1
36,64,3
36,38,3
36,91,2
36,54,2
36,61,1
36,59,3
36,19,2
37,1,2
37,93,2
37,76,3
37,85,2
37,20,2
37,69,2
37,45,2
37,71,3
37,49,2
38,6,2
38,96,2
38,91,2
38,50,3
38,84,1
38,64,1
38,17,3
38,76,2
38,13,2
38,13,3
38,59,1
39,80,3
39,51,3
39,11,2
39,87,3
39,49,2
39,81,3
39,98,2
39,70,1
39,80,1
39,31,3
40,19,1
40,68,2
40,73,3
40,24,1
40,23,1
40,79,2
40,80,3
40,31,2
40,75,1
40,30,2
40,82,2
41,57,2
41,76,2
41,82,2
41,89,2
41,59,2
41,26,2
42,36,1
42,73,3
42,96,1
42,78,3
42,64,2
42,30,3
42,46,1
42,82,1
42,80,2
42,87,3
42,99,3
43,22,2
43,62,2
43,96,2
43,15,2
43,10,1
43,97,1
43,87,3
43,87,2
43,72,2
44,14,3
44,30,2
44,4,3
44,72,2
44,79,1
44,83,1
44,82,2
44,90,2
44,84,2
44,15,1
45,54,3
45,13,2
45,79,2
45,36,1
45,89,2
45,28,2
45,57,1
46,16,2
46,12,3
46,28,3
46,82,3
46,3,1
46,43,1
46,17,3
46,27,1
47,36,1
47,17,3
47,33,1
47,15,3
47,4,1
48,79,1
48,94,3
48,67,2
48,59,3
48,4,1
48,62,2
48,55,3
48,14,2
49,49,3
49,68,2
49,59,3
49,78,2
49,13,3
49,15,3
49,84,3
49,93,1
49,56,2
49,30,2
50,9,1
50,11,1
50,56,1
50,96,3
50,48,1
50,72,1
50,76,3
50,72,2
50,86,1
50,53,2
50,86,2
50,93,1
51,14,2
51,72,2
51,15,2
51,74,1
51,55,3
51,99,3
51,79,3
51,83,3
52,9,1
52,95,3
52,4,1
52,96,3
52,28,2
52,54,2
52,44,1
52,48,2
52,93,2
52,73,3
52,11,1
53,28,3
53,15,2
53,56,1
53,37,3
53,87,3
53,63,3
53,86,2
53,6,1
53,51,3
54,23,1
54,49,3
54,91,1
54,65,3
54,86,2
54,10,2
54,95,1
54,56,1
54,59,1
54,41,3
54,55,3
55,89,2
55,12,2
55,14,1
55,56,3
55,52,3
55,11,2
55,40,3
55,44,1
55,43,1
55,10,3
55,82,1
55,68,3
56,23,3
56,20,3
56,10,1
56,99,3
56,64,2
56,97,3
56,98,3
56,58,3
57,57,1
57,61,2
57,81,2
57,36,3
57,8,2
57,65,1
57,40,2
58,60,3
58,71,3
58,6,2
58,74,3
58,25,2
58,78,2
58,65,1
58,8,2
58,14,2
58,92,1
58,65,3
59,87,3
59,7,3
59,83,2
59,9,2
59,13,3
59,87,2
59,37,2
59,93,3
59,78,1
60,83,2
60,17,3
60,90,3
60,88,3
60,12,3
60,86,2
60,66,2
60,3,2
60,40,1
60,28,2
60,99,2
61,99,3
61,17,3
61,49,1
61,21,1
61,89,3
61,22,3
61,57,1
61,53,2
61,87,3
61,31,2
62,25,2
62,87,3
62,57,2
62,99,2
62,49,3
62,68,2
62,21,1
62,78,1
62,33,1
62,83,2
62,48,3
62,14,3
63,56,1
63,29,2
63,45,1
63,54,1
63,51,3
63,48,1
63,50,1
64,98,3
64,61,2
64,79,1
64,11,1
64,33,1
64,20,3
64,94,3
65,81,3
65,74,1
65,92,1
65,38,2
65,1,3
66,50,2
66,6,3
66,50,2
66,33,3
66,3,2
67,18,1
67,46,3
67,44,3
67,23,3
67,60,3
67,62,3
67,24,1
67,9,3
67,59,1
71,26,1
71,18,1
71,58,1
71,92,2
71,12,3
71,41,3
71,45,3
71,9,3
71,39,1
72,79,1
72,9,2
72,74,1
80,21,2
80,79,3
80,39,3
80,44,3
80,66,3
80,63,3
80,73,2
80,61,1
80,48,2
80,87,1
81,34,3
81,75,3
81,30,3
81,7,3
81,62,1
81,68,3
81,93,3
81,49,1
81,88,1
81,5,3
81,90,1
81,25,1
82,95,3
82,8,3
82,18,3
82,27,3
82,42,3
82,62,3
82,49,2
82,23,2
82,69,2
82,70,2
82,87,3
82,88,3
83,99,2
83,91,1
83,89,3
83,63,2
83,62,2
83,72,3
83,36,2
83,16,3
83,87,3
84,84,2
84,96,2
84,28,1
84,69,2
84,72,3
84,35,1
84,14,3
84,95,3
84,31,1
84,7,3
84,68,1
84,82,1
85,53,3
85,61,2
85,84,1
85,97,2
85,42,2
85,83,1
85,99,1
86,51,2
86,24,3
86,38,1
86,2,2
86,73,3
87,35,1
87,15,2
87,21,3
87,59,3
87,33,3
87,24,1
87,95,2
87,38,3
87,87,1
87,23,3
88,31,1
91,93,1
91,51,2
91,1,3
91,28,3
91,10,1
91,55,2
91,90,1
91,70,1
91,9,2
92,49,1
92,88,3
92,70,1
92,84,2
92,16,1
92,68,1
100,48,1
100,80,3
100,86,3
100,62,3
100,63,1
100,1,3
100,71,2
100,2,1
100,68,3
100,36,3
100,37,1
100,65,3
101,80,3
101,33,2
101,35,2
101,11,2
101,52,2
101,73,1
101,90,1
101,39,3
102,73,1
102,68,1
102,30,1
102,89,3
102,61,2
102,6,1
102,88,2
102,70,3
102,85,1
102,23,2
103,87,3
103,43,2
103,97,3
103,18,3
103,93,1
103,65,3
103,45,1
103,13,2
103,30,1
104,49,1
104,38,1
106,59,1
106,18,2
106,1,2
106,43,3
106,49,2
112,68,3
112,41,3
112,50,3
112,51,3
112,15,2
112,80,1
116,27,1
116,8,3
116,45,3
116,36,3
116,69,1
116,38,2
120,16,2
120,89,1
120,62,1
120,30,2
120,12,3
120,14,1
120,41,2
120,39,1
120,49,1
120,83,3
121,28,1
121,13,1
121,97,1
121,76,3
121,50,2
121,55,2
121,18,1
121,36,3
121,11,1
121,71,3
121,77,3
121,78,2
122,96,2
122,38,3
122,7,1
122,64,2
122,15,1
122,64,3
122,77,1
122,68,1
123,28,1
123,8,2
123,65,2
123,81,3
123,65,2
123,55,3
123,52,1
123,82,3
123,69,3
124,40,3
124,56,3
124,31,1
127,71,3
127,95,3
127,54,1
127,42,1
127,54,3
128,2,2
128,64,1
129,19,3
129,36,1
129,6,1
129,67,2
129,90,2
130,38,2
130,41,2
130,90,3
130,42,2
130,58,2
132,16,1
132,8,1
132,17,1
132,52,2
132,88,3
132,83,1
132,75,3
133,64,1
133,49,3
133,55,1
133,46,1
133,24,2
133,36,2
133,20,1
133,79,3
133,79,1
133,83,2
133,64,2
134,49,3
134,46,2
134,70,2
135,13,1
137,8,1
137,19,3
137,91,1
137,15,3
137,47,1
137,76,1
140,13,2
140,74,3
140,98,3
140,29,1
140,58,1
140,5,2
140,3,2
140,34,1
140,10,2
140,22,2
140,21,3
141,21,1
141,13,2
141,27,1
141,53,3
141,71,3
141,94,3
141,34,3
141,37,2
141,31,1
141,7,2
141,74,3
142,13,1
142,27,1
142,82,2
142,11,2
142,15,2
142,51,2
142,63,3
142,34,1
143,60,2
143,29,2
143,73,1
143,20,3
143,86,1
143,11,3
143,45,3
143,53,3
143,30,3
143,8,2
143,67,2
143,69,3
144,16,2
144,23,1
144,28,1
144,17,1
144,55,1
144,88,2
144,26,3
145,15,2
145,20,1
145,73,3
145,75,1
145,14,3
145,13,2
145,69,2
145,53,2
145,50,3
145,63,3
145,78,2
146,3,2
146,39,2
146,36,2
146,90,3
146,13,1
146,18,2
146,96,2
146,42,2
146,94,2
146,78,3
147,9,2
147,52,1
149,61,1
149,83,1
149,77,1
149,29,2
149,78,2
150,60,2
150,87,3
150,80,2
150,75,1
150,1,3
150,85,2
150,72,3
151,25,1
151,67,1
151,8,3
151,52,3
151,41,3
151,18,3
151,4,3
151,64,2
151,34,2
152,88,3
152,82,2
152,86,2
152,65,2
152,22,3
152,72,1
152,38,1
152,61,1
153,29,2
153,29,3
153,40,2
153,43,2
153,34,3
153,38,2
154,65,1
154,88,2
154,68,2
154,53,1
154,20,1
155,63,1
155,17,3
155,56,3
155,55,2
155,55,2
155,50,1
155,5,3
156,17,1
156,50,3
156,76,2
156,22,1
156,6,2
156,38,2
156,94,3
156,77,3
157,17,1
160,13,1
160,6,2
160,47,3
160,41,2
160,95,1
161,94,1
161,48,2
161,24,1
161,52,2
161,59,2
161,50,3
161,62,2
161,84,1
161,15,1
162,79,2
162,46,3
162,4,3
162,94,1
162,62,2
162,15,2
162,57,1
163,67,3
163,89,3
163,80,1
163,56,3
163,94,1
163,62,2
163,85,3
163,83,2
163,20,3
163,79,1
164,52,1
164,11,2
164,57,3
164,58,1
164,64,2
164,41,1
164,64,3
164,84,1
164,14,2
164,53,1
164,72,3
165,47,1
165,29,2
165,43,3
165,99,3
165,77,2
165,92,3
165,47,3
165,58,1
165,13,3
165,29,1
166,33,3
166,26,1
166,16,2
166,28,2
166,25,3
166,44,1
167,66,1
167,89,3
167,23,3
167,17,1
167,50,3
167,77,3
167,42,3
167,50,2
167,78,3
167,98,1
167,36,2
167,44,2
168,92,3
168,71,3
168,28,1
168,27,3
168,92,2
168,88,2
168,87,1
168,91,3
168,23,3
168,70,3
169,87,3
169,69,2
169,55,1
169,67,1
169,4,2
169,19,1
169,86,1
169,26,2
171,38,2
171,23,3
171,10,1
171,23,3
171,66,1
171,49,1
171,55,2
171,72,2
172,63,3
172,71,2
177,96,2
177,70,2
177,82,1
179,89,3
180,69,1
180,34,3
180,81,1
180,94,1
180,3,3
180,81,1
180,75,3
181,84,1
181,47,2
181,29,3
181,94,2
181,18,2
181,65,3
181,12,2
181,47,3
181,2,3
181,31,3
181,88,1
181,97,3
182,6,1
182,98,2
182,30,1
182,34,2
182,30,1
182,86,1
182,67,2
182,50,2
182,59,1
182,6,3
183,47,3
183,84,1
183,67,2
183,49,1
183,67,2
183,46,2
183,63,2
183,78,1
183,65,1
183,57,1
183,30,1
184,62,3
184,62,2
184,27,3
184,21,3
184,53,1
184,32,1
185,77,3
185,82,1
185,93,3
185,85,2
185,11,1
185,58,3
185,61,2
185,22,1
185,53,3
185,19,3
185,99,1
186,20,3
186,13,1
186,61,3
186,77,1
186,69,3
186,97,1
186,12,2
186,85,1
186,78,3
186,1,3
186,84,2
187,76,3
187,98,3
187,74,1
187,55,1
187,33,2
187,99,1
187,11,2
187,77,3
187,53,2
187,25,1
188,47,1
188,20,2
188,84,3
188,33,2
188,69,2
188,73,2
188,79,2
188,88,2
188,97,1
188,53,3
188,72,2
189,96,1
189,58,3
189,21,1
189,28,3
189,52,2
189,71,3
190,79,3
190,67,2
190,92,3
190,8,1
190,82,2
190,57,1
190,26,3
191,45,2
191,29,3
194,63,1
194,98,3
194,36,2
194,29,3
194,17,1
195,34,1
197,89,1
197,8,1
197,33,2
197,81,1
200,95,2
200,57,3
200,17,1
200,68,1
200,4,1
200,85,2
200,42,2
200,60,3
201,12,2
201,40,2
201,53,2
201,20,2
201,2,1
201,67,1
201,45,2
201,61,3
202,51,1
202,21,3
202,95,3
202,50,2
202,29,2
202,11,2
202,81,1
202,67,3
202,89,3
202,35,2
202,84,3
203,25,2
203,3,1
203,7,3
203,3,1
203,14,2
203,35,1
203,92,2
203,94,1
203,30,1
203,20,1
203,64,1
203,44,2
204,25,2
204,49,1
204,16,3
204,32,2
204,99,2
204,32,3
204,5,1
205,42,1
205,81,3
205,6,3
205,71,3
205,16,2
205,62,3
205,39,1
205,47,1
205,86,1
206,99,1
206,32,1
206,64,1
206,88,3
206,44,3
206,8,1
206,46,3
206,20,3
206,69,1
206,17,2
207,73,1
207,70,2
207,42,3
207,60,2
207,77,3
207,21,1
207,68,1
207,58,2
208,80,2
208,80,1
208,42,3
208,9,3
208,69,2
209,23,1
209,26,1
209,63,1
209,13,1
209,74,3
209,50,3
209,63,3
210,48,3
210,8,3
210,35,3
210,6,3
210,10,2
210,10,1
210,67,1
210,13,3
210,30,3
210,50,1
210,25,3
211,87,2
211,55,1
211,22,1
213,62,1
213,63,3
213,90,3
213,13,3
213,83,2
213,5,3
213,74,2
213,11,1
213,99,2
213,45,2
214,82,3
214,49,1
214,40,3
214,6,2
214,70,3
215,38,2
215,19,1
215,44,1
215,61,3
215,96,1
215,71,2
215,34,1
215,52,3
215,56,3
215,17,1
215,62,3
216,42,3
216,74,1
216,15,3
216,53,2
216,47,2
216,25,2
216,84,1
218,75,3
218,68,1
218,33,1
218,8,2
218,26,3
218,80,2
218,7,2
218,84,1
218,9,2
218,85,2
218,85,3
219,41,2
219,77,3
219,12,1
219,26,3
219,59,3
219,92,1
220,50,1
220,72,2
220,29,1
220,44,2
220,85,1
220,12,3
220,49,3
220,87,3
220,81,3
221,18,2
221,89,3
221,68,1
221,56,1
221,84,3
221,21,2
221,9,3
221,69,3
222,20,1
222,14,1
222,24,1
222,98,3
222,79,2
222,78,3
222,79,1
222,77,1
222,30,3
223,53,1
223,35,2
223,29,3
223,86,1
223,97,1
224,93,2
224,51,3
224,96,3
224,77,3
224,68,3
224,91,1
224,67,1
224,58,2
224,6,1
224,67,3
224,51,3
225,55,2
225,79,1
225,89,3
225,19,2
225,83,2
225,12,3
225,65,1
226,33,2
226,89,3
226,92,1
226,92,3
226,16,1
226,15,3
227,99,1
227,85,1
227,21,1
231,62,3
231,89,3
231,91,2
231,55,3
231,41,2
231,68,3
232,91,2
232,25,1
232,16,1
232,60,3
232,16,3
240,61,1
240,45,2
240,60,1
240,37,2
240,78,3
240,17,3
241,62,2
241,9,2
241,27,3
241,76,2
241,56,3
241,44,3
241,89,1
242,52,1
242,77,1
242,88,3
242,99,2
242,42,2
242,83,3
242,8,1
242,28,1
242,75,3
243,39,3
243,87,2
243,56,3
243,45,1
243,75,1
243,79,3
243,52,1
243,38,1
243,48,3
243,7,1
244,81,2
244,92,2
244,52,2
244,56,3
244,28,3
244,23,2
244,18,1
244,72,2
244,47,2
244,20,2
244,86,1
245,59,3
245,78,2
245,80,1
245,59,3
245,55,3
245,58,2
245,46,1
245,24,2
245,78,1
245,74,2
245,94,1
246,19,3
246,94,3
246,97,2
246,60,3
246,11,3
246,79,1
247,74,3
247,43,2
247,46,2
247,38,1
247,5,3
247,77,3
247,39,3
247,73,2
247,8,3
247,61,3
247,22,3
247,7,3
257,5,2
257,8,2
257,93,1
257,52,1
257,28,3
258,5,3
258,19,2
258,84,1
258,61,3
258,6,1
258,90,3
260,23,1
260,91,3
260,76,2
260,54,3
260,99,2
261,77,1
261,92,2
261,79,1
261,81,2
261,45,2
262,60,3
262,85,1
262,36,1
262,25,1
262,20,3
262,61,2
262,23,1
262,86,1
263,21,1
263,63,3
263,15,1
263,31,3
263,57,3
263,75,2
263,54,1
264,75,2
264,7,2
264,19,1
264,79,2
264,23,2
264,48,1
264,59,3
264,25,3
264,46,2
264,26,2
264,17,1
264,89,3
265,12,2
265,67,2
265,28,3
265,61,2
265,36,1
265,94,2
265,95,1
265,32,2
266,94,3
266,5,2
267,91,2
267,24,2
267,81,2
280,25,3
280,79,3
280,68,3
280,92,3
280,90,1
280,54,2
280,10,1
280,17,1
281,96,1
281,29,1
281,89,1
281,89,1
281,40,1
282,33,1
282,9,2
282,86,1
282,97,1
282,16,3
282,27,3
283,65,3
283,9,1
283,75,1
283,68,1
283,92,1
283,37,1
283,97,3
283,1,3
284,49,2
284,28,3
284,30,2
284,15,2
284,16,2
284,15,3
284,18,2
284,98,2
284,91,2
284,72,3
285,71,2
285,38,2
285,25,1
285,61,3
285,48,1
285,2,3
285,63,3
285,14,2
286,9,2
286,26,2
286,26,3
286,52,1
286,30,2
286,93,2
286,36,3
287,63,3
287,36,1
287,99,2
287,14,1
287,33,2
287,64,1
287,81,1
287,4,1
287,95,1
287,9,2
287,87,1
288,85,3
288,99,2
288,60,1
288,38,3
288,64,2
288,65,2
289,57,2
289,5,1
289,23,3
289,85,2
289,91,1
289,63,2
289,18,2
289,63,1
291,5,2
291,85,2
291,73,3
291,54,2
291,3,3
291,61,3
291,3,2
291,49,3
291,50,2
291,74,1
292,47,2
292,26,2
292,82,1
292,69,1
292,37,2
292,7,2
292,74,2
292,29,3
292,96,1
293,27,2
293,10,3
293,39,3
293,39,2
293,85,3
293,41,1
293,54,2
293,33,3
293,66,2
293,86,3
293,24,1
294,73,3
294,81,1
294,67,1
294,19,1
300,54,3
300,94,3
300,95,2
300,59,3
300,4,1
300,83,3
300,24,3
300,57,3
300,18,1
300,52,1
301,41,2
301,62,3
301,18,2
301,23,3
301,76,2
301,37,1
301,11,2
301,48,1
301,51,2
301,74,1
301,3,1
302,7,2
302,80,2
302,77,2
302,20,1
302,48,1
302,73,1
302,2,3
303,25,2
303,37,3
303,64,2
303,17,2
303,27,3
303,28,2
303,94,3
303,25,2
304,18,2
304,89,2
304,88,1
304,92,2
304,91,2
304,95,3
304,33,1
304,13,3
304,8,1
304,43,1
304,61,2
304,78,3
305,75,1
305,34,1
305,65,2
305,44,2
305,17,1
306,79,2
306,67,2
306,56,1
306,41,3
306,63,1
306,72,3
306,82,2
306,7,1
306,20,1
307,16,2
307,12,1
307,37,1
307,22,3
307,66,2
307,73,3
307,75,1
308,87,1
308,43,1
308,37,3
308,88,1
308,51,2
308,76,1
308,42,1
308,4,1
308,59,3
308,85,2
308,59,3
308,35,3
309,83,2
309,42,1
309,96,1
309,71,3
309,49,1
310,16,2
310,63,2
310,95,2
310,88,3
310,17,2
310,86,1
310,48,3
313,24,1
313,96,3
313,34,3
313,14,2
313,69,1
313,1,2
313,15,1
313,22,3
314,89,3
314,51,2
320,27,2
320,21,3
320,38,3
320,57,3
320,64,3
320,13,1
321,47,3
321,86,1
321,20,3
321,54,1
321,18,2
321,53,2
321,59,3
321,88,2
321,4,2
321,19,1
321,92,3
322,54,2
322,88,3
322,71,2
322,93,3
322,41,2
322,2,2
322,68,3
322,19,3
322,52,2
323,26,2
323,11,1
323,69,2
323,50,3
323,93,3
323,17,3
323,70,2
323,28,1
323,66,3
323,40,3
323,44,3
324,34,3
324,65,2
324,16,1
324,97,3
324,16,2
324,39,3
324,95,1
324,59,2
324,31,3
324,75,3
325,92,2
325,32,1
325,75,1
331,52,3
331,6,2
331,3,2
331,56,1
331,54,1
331,68,2
331,49,2
331,12,1
331,13,3
331,22,2
332,92,1
332,39,2
340,10,1
340,26,1
340,43,2
340,9,3
340,81,1
340,4,2
340,56,1
340,76,3
340,43,2
340,32,1
340,61,1
341,81,2
341,75,1
341,11,1
341,5,2
341,41,3
341,9,1
342,80,2
342,30,3
342,85,3
342,2,2
342,50,2
342,55,3
343,14,1
343,2,3
343,92,1
343,76,1
343,74,1
343,82,3
343,33,2
343,54,2
344,19,2
344,40,3
344,44,2
344,48,1
344,67,3
344,85,3
344,19,1
345,86,2
345,89,3
345,60,3
345,89,2
345,75,3
345,43,3
345,39,2
345,43,1
346,95,2
346,27,2
346,24,1
346,47,1
346,10,2
346,4,3
346,15,1
346,38,2
346,25,3
346,75,2
347,23,2
347,13,1
347,87,1
347,49,3
347,15,2
348,17,1
348,25,3
348,49,3
348,48,2
348,77,2
348,82,1
348,6,3
349,17,3
349,75,2
349,27,3
349,11,2
349,85,3
349,9,1
349,66,2
349,97,3
349,97,3
350,75,2
350,82,3
350,84,1
350,27,1
350,26,2
350,31,2
350,28,2
350,55,2
350,74,1
351,80,2
357,17,1
357,40,2
357,91,3
357,61,1
358,37,3
358,59,2
360,53,2
360,22,2
360,27,3
360,6,2
360,4,1
360,82,3
360,87,3
360,60,2
360,44,3
360,52,1
361,36,1
361,22,1
361,78,1
361,23,2
361,16,3
361,95,2
361,22,1
361,86,1
361,87,2
361,20,2
361,46,1
361,28,3
362,57,1
362,77,1
362,7,2
362,99,1
362,32,2
362,31,1
362,12,1
362,54,1
362,2,2
363,80,1
363,70,2
363,55,1
363,30,1
363,14,2
363,42,1
363,2,2
363,84,2
364,92,3
364,73,1
364,33,1
364,77,2
364,81,3
364,50,3
365,49,3
365,82,3
365,30,3
365,76,3
365,2,1
365,3,3
365,98,1
365,40,1
365,95,2
365,97,1
365,80,1
365,8,1
366,36,2
366,83,1
366,67,2
366,83,2
366,97,1
366,30,3
366,43,2
367,24,2
367,81,1
367,9,2
367,9,1
367,7,3
367,19,1
367,17,1
367,23,3
367,71,1
367,31,3
368,35,2
368,11,2
368,51,2
368,22,2
368,57,2
368,65,3
368,95,2
368,98,1
369,71,3
369,23,2
369,49,2
369,40,2
369,37,2
369,72,3
369,62,1
370,53,1
370,16,2
370,73,1
370,25,2
370,33,3
370,45,3
371,90,3
371,83,1
371,34,3
371,59,3
371,19,2
372,55,1
372,55,2
373,1,1
373,63,1
373,13,1
373,90,2
373,68,2
373,84,2
373,94,2
373,22,1
373,48,1
374,96,1
374,98,1
374,34,2
374,57,3
374,80,1
375,86,3
375,6,1
375,28,3
375,1,2
375,78,3
376,41,1
376,47,3
376,52,2
376,79,1
376,46,2
376,13,1
376,59,3
376,52,3
376,18,1
376,78,1
377,85,1
377,1,3
377,42,1
377,82,2
377,6,3
377,42,3
377,57,1
377,78,2
377,52,3
377,79,1
377,45,2
378,17,2
378,12,2
378,87,3
378,60,1
378,58,1
379,86,1
379,86,1
379,69,3
379,93,2
379,12,3
379,43,1
379,74,3
379,9,3
379,44,2
379,92,3
379,95,3
379,49,3
380,95,3
380,25,3
380,15,3
380,48,1
380,41,2
380,74,3
380,1,2
380,8,3
380,69,1
380,50,2
381,64,3
381,59,1
381,77,2
381,19,3
381,86,3
381,5,3
381,41,2
381,65,3
382,90,3
382,7,1
382,63,3
382,51,2
382,85,1
382,3,3
382,51,2
382,55,3
383,13,1
383,42,3
383,7,3
383,39,2
383,84,1
383,74,1
383,57,3
383,62,2
383,19,1
383,28,3
383,26,3
384,55,3
384,22,1
384,13,2
384,61,1
384,7,1
384,66,3
384,44,3
384,56,1
384,81,3
384,52,1
384,5,1
385,36,3
385,84,2
385,48,1
385,16,1
385,11,1
385,63,3
385,86,3
385,29,1
385,76,3
385,74,2
385,36,3
386,9,3
386,75,3
386,92,3
386,16,1
386,85,1
386,24,3
386,89,1
386,1,3
386,58,2
386,16,1
386,17,3
386,27,3
387,32,2
387,6,3
387,69,2
392,91,2
392,24,2
392,46,2
392,65,2
392,36,2
392,67,3
392,30,2
392,82,1
392,40,2
392,99,2
392,12,3
393,94,1
394,23,1
394,47,1
394,66,2
394,7,2
394,64,2
394,22,2
394,15,2
394,87,1
395,14,1
397,88,3
397,17,2
397,97,2
397,65,3
397,95,2
397,17,1
397,14,1
397,17,1
397,45,3
397,2,3
397,31,1
397,87,2
398,34,3
398,32,3
398,55,1
398,61,3
398,14,3
398,94,3
399,12,1
399,49,2
399,68,2
399,90,3
399,30,1
399,62,1
400,6,1
400,7,3
400,96,2
400,28,2
400,61,2
400,78,1
400,56,1
401,31,3
401,36,1
401,75,2
401,12,1
401,17,3
401,96,3
401,16,1
401,76,3
401,25,1
401,91,2
402,25,2
402,71,3
402,33,3
402,45,2
402,58,3
402,92,1
402,56,1
403,64,3
403,69,3
403,10,1
403,57,3
403,50,3
403,50,2
403,78,2
403,27,1
403,1,1
403,74,1
403,76,3
404,22,1
404,6,3
404,31,2
404,6,3
404,19,2
404,18,2
405,93,1
405,53,3
405,38,2
405,8,3
405,2,2
405,29,3
405,36,1
405,33,1
405,69,3
406,57,1
406,42,2
406,27,3
406,81,2
406,20,2
406,30,3
406,93,2
406,48,1
407,40,1
407,23,2
407,88,3
407,25,1
407,19,1
408,49,2
408,3,1
408,2,3
408,6,1
408,32,1
408,35,1
409,18,2
409,98,3
409,57,1
409,40,2
409,62,1
409,32,1
409,70,3
409,35,3
410,29,1
410,30,2
410,50,1
410,46,3
410,37,1
411,29,1
411,37,2
411,10,3
411,43,1
411,47,1
411,6,3
412,35,2
412,85,2
412,34,3
412,10,1
412,20,3
412,19,2
413,18,3
413,32,2
413,54,3
413,64,3
413,69,2
413,69,3
413,30,2
413,11,3
413,92,2
413,68,3
414,47,1
414,38,2
414,19,3
414,54,1
414,27,1
414,8,3
414,18,1
414,90,3
414,19,2
414,94,1
415,98,1
415,61,3
415,18,3
415,68,3
415,39,2
415,53,3
415,44,2
416,2,2
416,55,3
416,59,3
416,92,2
416,74,3
416,40,3
416,30,2
417,29,2
417,24,3
417,72,3
417,10,3
417,60,2
418,70,1
418,9,1
418,77,1
418,97,2
418,25,3
418,26,3
418,5,1
419,93,2
419,17,3
419,87,1
419,43,2
420,65,3
420,94,3
420,84,3
420,99,2
420,58,1
420,44,2
420,47,3
421,13,1
421,19,2
421,71,1
421,64,1
421,59,2
421,22,2
421,21,1
421,36,3
421,47,2
421,12,1
421,23,3
421,99,2
422,57,2
422,66,3
422,41,2
422,11,3
422,53,3
422,58,2
422,88,1
423,45,2
423,60,3
423,69,2
423,14,1
423,24,3
423,14,2
424,61,1
424,82,1
424,41,3
424,5,3
424,49,1
424,47,2
424,61,1
425,12,2
425,44,2
425,22,1
425,45,2
425,62,2
426,72,3
426,26,1
426,93,3
426,75,3
426,19,2
427,15,3
427,53,2
427,67,3
427,1,2
427,17,3
427,58,3
427,75,1
427,5,1
427,96,1
427,54,3
428,48,2
428,3,2
428,40,3
428,16,3
428,64,3
429,15,1
429,59,2
429,48,1
429,71,3
429,21,3
429,56,2
429,37,3
429,89,3
429,56,3
429,37,3
430,14,2
430,96,3
430,70,1
430,82,2
430,65,3
430,5,3
430,38,2
430,28,1
430,49,1
431,87,1
434,82,3
434,14,1
434,59,3
434,16,1
434,19,2
435,53,1
435,63,3
435,10,1
435,88,2
436,16,1
440,88,2
440,41,2
440,26,1
440,7,2
440,64,1
440,36,2
440,16,1
440,58,1
440,77,2
440,76,2
440,31,3
441,44,3
441,3,1
441,61,1
441,54,3
441,39,2
442,64,3
442,16,2
442,80,1
442,4,1
442,7,1
442,18,1
442,42,3
442,93,2
442,29,1
442,12,1
442,93,2
442,69,1
443,34,2
443,89,3
443,49,2
443,90,1
443,18,3
443,59,1
444,36,2
444,99,3
444,62,1
444,12,2
444,99,2
444,92,1
444,46,3
444,32,3
444,83,3
444,27,3
444,10,1
444,64,1
445,98,2
445,91,2
445,84,1
445,65,1
445,17,1
445,47,2
445,58,3
445,66,1
445,52,1
445,9,2
446,96,1
446,31,1
446,59,1
446,35,1
446,61,3
446,68,2
447,68,3
447,64,3
447,56,1
447,88,1
447,83,1
447,15,1
447,15,1
447,5,3
447,35,1
448,22,1
448,45,3
448,37,3
448,77,2
448,94,1
448,13,1
448,65,3
448,80,2
449,3,1
449,34,1
449,22,3
449,98,1
449,77,2
449,61,3
449,15,1
453,7,2
453,18,2
453,37,3
453,86,3
453,20,1
454,55,2
454,13,2
454,39,3
454,40,1
454,75,1
458,79,3
458,57,3
458,79,1
458,56,1
458,82,1
458,24,1
458,96,3
458,31,1
460,46,3
460,93,3
460,44,2
460,92,1
460,36,3
460,39,2
460,9,3
461,17,3
461,42,3
461,75,2
461,75,3
461,52,1
461,6,1
461,94,1
461,30,1
461,86,1
462,14,1
462,94,2
462,97,2
462,9,1
462,79,2
462,15,1
462,96,1
462,57,2
463,63,2
463,87,2
463,29,1
463,95,1
463,56,3
463,25,1
463,75,1
463,81,3
463,13,1
464,25,1
464,74,2
464,65,2
464,46,3
464,72,1
464,9,2
464,55,3
464,49,1
464,73,1
464,17,3
464,39,1
464,16,2
465,67,3
465,65,2
465,52,3
465,8,3
465,90,1
465,75,2
465,34,3
465,4,1
466,31,2
466,10,3
466,79,3
466,98,1
466,45,1
467,84,2
467,56,2
467,39,1
467,3,1
467,4,1
467,69,3
467,49,3
469,85,1
469,10,2
469,70,1
469,64,3
470,14,1
474,46,2
474,82,3
474,28,2
474,8,3
474,11,2
475,30,3
475,23,1
475,80,3
475,7,1
475,15,3
475,5,1
475,88,3
476,77,1
476,45,1
476,10,3
476,57,1
476,66,1
477,53,3
480,47,1
480,46,3
480,65,1
480,47,3
480,62,3
480,30,2
480,54,1
480,73,1
480,69,1
480,53,3
480,75,3
481,59,1
481,22,1
481,54,2
481,98,3
481,92,2
481,96,1
481,17,1
482,93,1
482,10,3
482,46,2
482,53,3
482,58,3
482,56,2
483,20,1
483,76,3
483,48,3
483,84,2
483,49,2
483,57,1
484,37,2
484,50,2
484,97,1
484,19,1
484,95,3
484,27,2
484,67,2
484,74,3
484,41,1
484,45,2
484,22,1
485,4,3
485,6,3
485,69,1
485,1,2
485,4,2
485,27,2
485,74,2
486,64,2
486,12,1
486,36,3
486,86,1
486,46,1
486,96,1
486,94,1
486,42,1
486,65,2
486,36,2
486,81,3
487,72,3
487,81,1
487,82,3
487,2,1
487,18,3
487,49,1
487,87,1
487,34,2
488,91,1
488,5,2
488,89,2
488,79,2
488,81,3
488,31,3
488,45,2
488,68,3
489,77,2
489,70,2
489,38,1
500,48,3
500,99,2
500,33,3
500,70,3
500,85,1
500,10,3
500,20,1
500,94,1
500,36,1
501,27,1
501,1,1
501,28,1
501,79,1
501,19,1
501,61,1
501,42,1
501,7,1
501,66,2
501,55,3
501,61,2
501,39,3
502,68,1
502,78,1
502,22,3
502,36,3
502,19,2
502,72,2
502,63,3
502,33,3
502,16,3
502,56,3
503,49,2
503,23,3
503,2,1
503,57,2
503,68,1
503,1,3
503,40,2
503,13,2
504,78,3
504,59,2
504,23,2
504,96,3
504,97,3
504,14,1
504,48,1
504,79,3
504,20,3
504,95,1
504,17,1
504,54,1
505,76,3
505,47,3
505,2,3
505,52,2
505,86,3
505,8,1
505,25,3
506,72,2
506,16,2
506,60,3
506,90,1
506,73,2
506,12,1
506,12,1
506,94,1
506,24,2
507,40,3
507,83,1
507,96,3
507,17,2
507,7,2
507,91,2
507,23,2
507,18,3
508,81,3
508,22,1
508,75,2
508,20,3
508,73,1
508,90,2
508,45,3
508,88,2
508,27,2
508,90,3
508,71,3
508,35,1
509,18,2
509,76,2
509,48,3
509,49,3
509,76,1
509,42,3
509,14,3
509,46,1
509,21,2
509,61,2
509,44,3
509,13,1
510,61,1
510,33,3
510,48,3
510,44,2
510,87,2
510,39,1
510,30,3
510,14,2
510,55,2
510,74,2
510,76,1
511,85,2
511,7,1
511,40,1
511,51,1
512,1,2
512,21,2
512,13,2
512,71,3
512,51,3
512,28,2
512,32,1
520,36,2
520,60,3
520,82,2
520,13,1
520,29,1
520,91,2
520,29,1
521,61,3
521,2,2
521,44,2
521,45,2
521,20,2
521,96,2
521,27,3
521,90,1
521,87,2
521,33,2
521,5,3
522,4,1
522,80,3
522,22,3
522,46,3
522,56,2
522,98,1
522,97,2
522,72,3
522,63,1
522,49,3
522,17,2
522,78,1
523,99,2
523,81,1
523,86,3
523,82,3
523,41,3
523,69,3
523,51,1
523,52,2
523,97,2
523,37,2
524,77,3
524,94,2
524,3,2
524,79,1
524,22,3
524,81,2
525,92,1
525,42,1
525,38,1
525,4,1
525,74,2
525,59,1
525,88,3
525,57,1
525,23,2
525,65,3
525,15,3
525,43,1
526,10,2
526,34,3
526,69,1
526,92,3
526,83,3
526,92,1
526,57,2
526,93,1
526,38,2
526,93,1
526,47,2
527,93,1
527,47,2
527,85,2
527,19,1
527,62,1
527,34,1
528,90,2
528,73,2
528,77,1
528,98,1
528,19,3
528,37,1
528,29,2
528,73,2
528,92,2
528,40,3
528,21,3
528,82,2
529,82,1
529,4,1
529,75,2
529,19,3
529,2,2
529,67,2
532,23,1
532,78,2
533,39,3
533,2,3
533,56,1
533,93,2
533,83,1
533,76,3
533,79,2
533,1,2
534,15,1
535,25,2
535,22,1
535,79,3
535,21,2
535,67,2
535,84,3
535,54,3
536,98,2
536,1,2
536,8,2
536,46,3
540,37,3
540,43,3
540,9,3
540,10,3
540,12,3
540,15,3
540,21,3
540,12,3
540,60,3
540,84,1
540,97,1
540,99,3
541,3,2
541,74,2
541,1,3
541,50,1
541,2,1
541,42,2
541,20,2
541,29,3
541,87,2
541,69,2
541,84,3
542,9,2
542,41,1
542,85,1
542,26,2
542,21,2
542,35,1
542,28,2
542,4,1
542,57,1
542,49,1
543,76,1
543,12,1
543,65,3
543,93,3
543,16,1
543,97,1
543,16,2
543,95,3
543,46,3
543,41,2
543,25,1
544,49,2
544,52,1
544,46,2
544,40,1
544,56,3
545,32,1
545,73,1
545,17,3
545,20,1
545,89,2
545,98,1
545,8,3
546,95,3
546,24,2
546,15,1
546,4,2
546,27,2
546,52,3
546,48,2
547,21,1
547,2,2
547,29,1
547,54,1
547,15,2
547,60,2
547,69,2
548,17,1
548,66,1
548,19,1
548,85,1
548,96,1
548,92,2
548,37,3
548,14,1
549,98,1
549,42,2
549,48,3
549,19,3
549,95,1
549,96,2
549,81,1
549,26,1
549,2,1
550,59,3
550,34,3
550,57,1
550,96,2
550,84,3
550,44,2
550,24,2
550,44,2
551,16,3
551,92,2
551,17,2
551,40,2
551,56,3
552,69,2
559,27,3
559,99,3
559,83,2
559,95,2
559,97,2
559,23,2
559,12,2
560,45,2
560,57,2
560,97,1
560,22,2
560,3,1
560,25,3
560,40,3
560,90,3
560,72,2
560,97,3
560,69,1
560,51,3
561,51,1
561,50,1
561,95,2
561,79,3
561,11,2
561,29,2
561,6,1
561,71,1
561,86,2
561,4,2
562,57,2
562,72,3
562,73,1
562,53,1
562,67,3
562,52,3
562,74,2
562,96,2
562,91,2
562,34,2
562,48,2
562,31,2
563,69,2
563,14,3
563,30,3
563,45,3
563,90,3
563,71,1
563,60,2
563,74,1
563,59,3
563,57,2
563,76,2
563,9,1
564,94,1
564,92,3
564,63,2
564,91,1
564,51,1
564,85,2
564,40,3
564,90,3
564,39,2
565,92,2
565,76,1
565,10,3
565,9,3
565,53,3
566,53,2
566,90,2
566,18,2
566,24,1
566,40,2
566,23,3
566,56,2
566,64,1
566,24,2
566,52,1
566,30,2
567,88,2
567,13,1
567,1,3
567,2,1
567,42,2
568,88,1
568,77,2
568,74,1
568,57,3
568,99,1
568,65,1
569,76,3
569,22,1
569,64,1
569,78,1
569,79,2
569,59,3
569,71,2
570,6,2
570,8,2
570,85,3
570,97,3
570,13,3
570,12,3
570,84,2
570,68,3
570,74,3
570,69,3
570,51,3
571,11,2
571,4,2
571,14,2
571,72,2
571,79,2
571,40,2
571,99,2
571,99,3
571,90,1
571,68,1
571,25,1
572,66,2
572,88,3
572,6,1
572,13,2
572,24,1
572,92,2
572,10,3
573,23,2
573,30,2
573,52,1
573,20,1
573,77,1
573,80,3
573,34,2
573,88,3
573,91,3
573,40,1
574,89,1
577,72,1
577,19,3
577,41,1
577,15,3
577,93,1
578,3,3
578,61,3
578,83,2
578,37,3
578,79,2
579,19,2
580,54,2
580,94,2
580,57,2
580,60,2
580,44,2
580,86,2
580,18,3
580,68,1
580,32,1
580,92,1
580,73,1
581,48,3
581,40,1
581,51,1
581,61,1
581,70,3
581,58,2
581,80,2
581,7,1
581,28,2
581,71,1
581,85,2
582,83,2
582,74,1
582,20,2
582,41,2
582,32,3
582,17,2
582,41,3
583,3,1
583,7,2
583,12,2
583,46,1
583,96,1
583,28,2
584,38,2
584,13,3
584,21,1
584,21,2
584,16,3
584,80,2
584,21,3
585,57,1
585,97,1
585,18,2
585,61,2
585,62,1
585,99,1
585,76,3
586,44,1
586,48,1
586,23,1
586,80,2
586,87,2
586,20,1
586,86,1
586,82,2
586,38,3
586,11,2
587,56,2
587,6,2
587,96,3
587,59,3
587,11,2
587,71,1
587,17,3
587,2,3
587,74,1
587,39,2
587,26,2
587,49,2
588,17,2
588,93,2
588,71,1
588,63,2
588,35,1
588,58,3
588,11,3
588,41,3
588,15,1
588,17,1
589,75,3
589,59,3
589,43,3
589,14,3
589,16,1
589,91,1
589,26,3
590,61,1
590,91,2
590,78,3
590,24,2
590,37,3
590,87,3
590,8,2
590,24,3
591,21,2
591,82,3
591,38,3
591,53,3
591,82,2
591,28,2
591,33,2
591,95,1
592,94,1
592,80,2
592,11,3
592,98,3
592,58,1
592,96,3
592,12,2
592,76,2
592,90,3
592,78,3
593,64,2
593,98,2
593,41,3
593,96,1
593,30,3
593,22,1
593,89,2
593,53,2
593,60,2
593,52,2
594,47,1
594,56,3
594,23,1
594,76,1
594,28,1
594,3,2
594,61,1
594,35,2
594,26,1
594,64,2
594,21,2
595,21,2
595,86,1
595,46,1
595,9,2
595,91,2
595,78,2
595,19,1
595,67,2
595,28,2
595,63,1
595,40,3
596,48,3
596,61,1
596,3,2
596,48,2
596,32,1
596,42,3
596,30,2
597,17,2
597,81,3
597,30,3
597,76,3
597,31,1
597,63,3
597,61,1
598,47,1
598,61,1
600,37,1
600,76,1
600,42,1
600,16,1
600,42,3
600,62,2
600,19,2
600,93,2
600,71,1
600,81,2
600,83,2
600,51,1
601,12,2
601,46,2
601,11,2
601,44,1
601,64,2
601,70,1
601,68,2
601,83,2
602,7,3
602,90,1
602,62,1
602,6,1
602,98,1
603,71,1
603,6,1
603,76,1
603,27,1
603,75,2
603,1,2
603,90,1
603,75,2
603,66,1
603,51,1
603,20,3
604,42,2
604,51,1
604,84,2
604,58,1
604,58,3
604,84,3
604,66,2
604,27,1
605,47,2
605,7,3
605,81,1
605,73,2
605,28,3
605,4,2
605,2,1
605,24,2
605,27,2
606,62,3
606,77,2
606,86,1
606,10,3
606,14,1
606,4,3
606,7,1
606,36,1
606,39,2
606,49,3
606,73,1
606,13,1
607,16,3
607,96,3
607,4,2
607,23,1
607,15,1
607,93,1
607,59,3
607,89,3
608,85,1
608,99,2
608,91,2
608,93,2
608,26,2
609,7,2
610,19,3
610,97,2
610,87,3
610,53,2
610,56,1
610,78,2
610,18,2
610,46,3
610,60,2
611,74,1
611,27,3
611,51,1
611,54,1
611,65,3
612,97,1
612,97,1
614,82,3
614,76,1
614,87,2
614,5,2
614,41,2
614,4,2
614,90,2
614,50,3
614,99,1
614,55,3
615,61,1
616,69,3
616,93,1
616,33,3
616,16,3
616,67,2
616,23,2
616,38,1
616,6,2
616,77,2
616,55,1
616,88,1
617,88,3
617,64,1
617,92,2
617,90,1
617,13,1
617,18,1
617,95,3
617,73,1
617,57,2
617,47,3
618,36,2
618,72,3
618,55,1
618,9,1
618,34,3
619,58,3
619,70,2
619,62,1
620,32,2
620,28,1
620,85,2
620,62,2
620,28,1
620,23,2
620,71,3
620,81,3
620,10,1
620,86,1
621,29,2
621,53,1
621,97,2
621,6,2
621,51,1
621,25,3
621,93,2
621,51,2
621,78,1
621,96,1
622,77,3
622,37,2
622,99,1
622,56,3
622,4,2
622,9,3
622,11,3
622,19,3
623,40,2
623,66,2
623,50,3
623,76,3
623,72,3
623,78,3
623,85,3
623,18,2
623,44,1
623,89,2
624,45,2
624,25,2
624,67,3
624,53,2
624,34,3
624,55,3
624,85,1
624,99,3
625,16,3
625,93,2
625,82,1
625,27,3
625,82,2
625,24,3
625,64,2
626,1,1
626,25,2
626,64,2
626,71,3
626,36,3
626,73,2
626,26,2
626,7,2
626,81,2
626,77,1
626,61,2
627,6,3
627,73,1
627,2,1
627,44,3
627,93,2
627,37,2
627,31,1
627,29,3
628,22,2
628,27,3
628,79,1
628,21,1
628,74,3
628,79,2
628,63,1
628,13,1
629,30,1
629,11,2
629,92,2
629,57,1
629,95,2
629,79,2
629,3,3
629,98,2
630,48,1
630,91,1
630,77,3
630,88,2
630,22,2
630,27,1
630,41,2
630,52,2
631,93,2
631,55,1
631,56,2
631,45,1
631,35,2
631,34,2
631,21,1
631,29,3
631,83,3
631,77,3
631,26,1
632,38,1
632,56,2
632,24,1
632,53,2
632,9,1
633,99,1
634,31,3
634,48,3
634,36,2
634,32,2
634,23,3
634,15,3
634,32,1
635,71,3
635,93,2
635,68,2
635,83,3
635,46,3
635,74,3
635,96,2
635,97,2
635,68,2
640,6,2
640,2,1
640,25,2
640,73,1
640,54,1
641,87,2
641,15,1
641,86,2
641,44,3
641,94,2
641,61,2
641,74,3
642,77,1
642,29,1
642,56,2
642,35,2
642,66,2
642,64,3
642,52,1
642,76,2
642,33,1
643,13,3
643,70,3
643,47,2
643,96,2
643,54,3
643,43,2
643,11,1
644,48,1
644,40,1
644,63,2
644,51,3
644,28,2
644,56,1
644,37,1
644,79,1
644,44,1
644,77,2
645,7,1
645,61,1
645,5,1
645,38,2
645,87,3
645,90,2
645,86,3
646,14,2
646,76,2
646,79,3
646,10,3
646,37,1
646,9,2
646,78,2
646,21,3
646,90,3
646,13,2
646,78,1
646,89,2
647,40,3
647,42,1
647,31,2
647,20,3
647,20,1
647,11,1
647,76,1
647,19,1
648,16,3
648,86,3
648,71,3
648,76,2
648,91,1
648,61,3
648,5,2
648,21,2
648,25,2
648,9,1
648,5,2
649,90,1
660,99,2
660,41,1
660,24,3
660,28,3
660,11,1
660,7,2
660,40,3
660,97,3
660,11,3
661,40,2
661,12,3
661,43,2
661,95,1
661,18,1
662,84,3
662,90,1
662,81,1
662,61,1
662,94,3
662,17,1
662,95,3
663,56,1
663,79,3
663,50,1
663,68,2
663,45,1
664,91,2
664,33,3
664,78,2
664,1,1
664,52,3
664,25,3
665,32,3
665,6,3
665,10,3
665,51,1
665,28,2
665,15,3
665,1,3
665,27,3
666,27,2
666,46,1
666,86,3
666,32,2
666,63,2
666,56,1
666,33,1
667,55,1
667,61,3
667,9,3
667,59,2
667,39,3
667,29,2
667,26,3
680,69,3
680,48,1
680,81,3
680,78,1
680,93,1
680,46,2
680,49,3
680,15,3
680,83,2
680,97,2
680,34,1
680,11,3
681,41,2
681,61,1
681,65,2
681,60,1
681,6,3
682,53,1
682,35,3
682,30,2
682,48,3
682,7,2
682,40,1
682,74,2
682,94,1
683,80,2
683,3,3
683,82,3
683,24,1
683,9,1
683,35,1
683,16,2
683,33,3
683,16,3
683,68,3
683,1,2
683,81,3
684,52,2
684,32,1
684,87,1
684,19,3
684,52,3
684,87,2
685,97,3
685,17,2
685,93,3
685,68,2
685,28,1
685,40,2
685,11,2
685,6,2
685,38,3
685,50,1
685,46,2
686,99,1
686,94,1
686,48,1
686,72,3
686,65,3
687,31,1
687,28,1
687,98,2
687,25,3
687,33,3
687,41,3
687,16,2
687,94,1
687,19,1
688,31,3
688,12,3
688,87,1
688,64,1
688,18,2
688,83,2
688,29,1
688,53,1
689,50,1
689,60,3
689,53,3
689,93,3
689,2,1
689,24,1
689,4,1
689,76,1
689,43,2
689,15,3
690,1,3
690,88,1
690,51,2
690,79,2
690,18,1
690,10,2
690,78,1
690,16,3
690,82,3
690,37,1
690,70,2
691,10,1
691,58,2
691,43,2
691,54,1
691,12,2
691,5,3
693,99,1
693,33,2
693,46,1
693,56,3
693,71,1
695,65,2
695,73,3
695,91,1
695,38,2
695,74,1
696,99,3
696,74,2
696,85,2
696,71,3
696,78,3
696,96,3
696,98,2
700,74,2
700,45,2
700,81,1
700,28,1
700,72,2
700,55,1
700,87,3
700,19,1
700,68,2
700,74,2
700,97,1
701,9,1
701,15,2
701,65,1
701,10,1
701,86,1
701,79,2
701,4,1
701,9,2
701,68,1
701,79,3
701,36,1
702,83,2
702,81,1
702,7,3
702,48,1
702,82,2
702,35,1
702,64,2
702,57,3
702,37,2
702,21,1
702,92,2
702,18,3
703,50,1
703,21,3
703,90,3
703,9,2
703,3,2
703,68,3
703,69,2
703,9,1
703,26,1
703,59,1
703,12,1
703,41,2
704,17,2
704,64,3
704,74,2
704,49,1
704,25,1
704,58,1
704,86,3
704,38,2
704,34,3
704,7,3
705,58,1
705,88,2
705,14,2
705,61,3
705,14,1
705,60,3
705,66,1
706,81,1
706,34,3
706,54,1
706,74,3
706,44,3
706,63,3
710,43,1
710,78,3
710,94,1
710,85,3
711,81,1
711,83,1
714,49,3
714,80,2
714,88,2
714,73,1
714,4,3
714,16,1
714,36,3
715,29,1
715,70,3
715,14,2
715,52,1
715,34,1
715,88,3
715,42,1
715,69,2
715,93,2
715,23,2
715,50,1
716,14,1
716,65,1
716,72,3
716,51,2
716,47,1
716,83,2
716,67,2
716,50,3
716,42,1
716,79,2
717,15,2
717,77,2
717,22,1
717,26,3
717,91,2
717,75,1
718,47,3
718,28,2
718,61,3
718,68,1
718,31,2
718,58,2
718,6,1
719,90,3
719,68,2
719,72,1
719,78,3
719,17,2
719,1,2
720,99,3
720,65,2
720,97,2
720,69,2
720,36,2
720,22,1
720,64,3
720,44,3
720,44,3
720,86,2
721,65,1
721,39,3
721,16,1
721,89,2
721,43,1
721,18,1
721,6,1
722,72,3
722,24,3
722,13,2
722,39,2
722,67,3
722,79,2
722,50,3
722,80,3
722,63,1
722,64,3
722,29,2
723,66,3
723,91,1
723,48,2
723,27,1
723,68,1
723,23,3
723,70,1
723,95,1
723,25,1
723,17,1
724,54,2
724,63,1
724,27,3
724,71,2
724,45,1
724,69,1
724,99,2
724,52,3
725,74,1
725,42,1
725,80,1
725,66,3
725,95,2
725,49,3
725,71,1
726,59,3
726,28,1
726,57,3
726,94,1
726,73,3
726,75,1
727,95,2
727,22,1
727,94,2
727,42,3
727,75,1
727,82,2
727,31,3
727,71,1
728,72,2
728,35,2
728,16,2
728,93,3
728,60,3
728,96,2
728,29,1
728,51,2
728,32,1
728,74,2
729,1,1
729,74,1
729,57,1
729,21,1
729,43,1
729,86,3
729,60,3
729,64,3
729,15,1
729,63,3
729,42,1
729,75,3
730,71,1
730,23,1
730,6,2
730,98,3
730,63,3
731,66,2
740,23,1
740,33,2
740,14,1
740,33,2
740,56,1
740,15,1
740,72,1
740,99,1
740,66,1
740,5,1
740,4,3
741,94,3
741,47,2
741,14,1
741,76,1
741,93,1
741,44,3
742,63,2
742,26,2
742,23,1
742,91,1
742,4,1
742,73,2
742,24,2
742,69,3
742,87,2
743,21,2
743,33,2
743,51,2
743,20,1
743,46,3
743,9,3
743,31,1
743,90,2
743,3,1
743,8,2
743,52,2
744,58,3
744,63,3
744,60,1
744,33,1
744,3,3
745,74,1
745,41,1
745,86,3
745,9,2
745,23,1
745,33,3
745,78,3
745,5,3
745,39,3
746,83,1
746,26,2
746,76,2
746,88,1
746,54,2
746,78,3
746,96,2
746,14,2
747,24,1
747,95,3
747,66,3
747,76,3
747,38,3
747,73,1
747,79,2
747,2,1
747,85,1
751,21,3
751,64,3
753,24,2
753,82,1
753,78,2
753,90,3
753,37,3
753,70,1
756,72,3
756,13,2
756,43,3
756,3,1
756,47,2
756,97,2
760,68,3
760,33,1
760,7,2
760,49,2
760,88,2
760,95,3
760,79,2
760,56,2
760,53,1
761,40,2
761,29,1
761,65,3
761,4,2
761,17,1
761,48,2
761,52,2
761,17,3
761,24,2
761,44,3
761,38,1
761,14,2
762,98,2
762,55,2
762,89,3
762,61,2
762,52,1
762,98,2
762,79,1
763,8,1
763,98,3
763,2,1
763,61,3
763,67,2
763,62,3
763,64,3
763,17,1
763,11,1
763,74,3
763,46,2
764,22,3
764,55,1
764,19,3
764,15,1
764,7,1
764,68,2
764,30,3
764,98,2
764,44,1
765,82,1
765,48,2
765,66,1
765,40,1
765,16,3
765,72,3
765,97,1
765,65,2
765,33,2
765,97,2
766,18,1
766,20,3
766,58,2
766,99,3
766,79,3
766,94,2
767,4,1
767,72,3
767,49,3
767,22,1
767,61,2
767,92,1
767,84,3
768,35,3
768,30,2
768,30,2
768,2,1
768,90,3
768,95,1
768,66,1
769,23,2
769,33,2
769,86,2
769,34,2
769,55,1
769,69,1
769,69,2
769,89,1
769,61,3
769,80,1
770,80,3
770,75,2
770,76,3
770,66,1
770,98,3
770,77,1
770,40,2
770,62,3
770,90,1
770,62,1
770,36,2
771,91,2
771,23,2
771,17,1
771,72,3
771,29,3
771,58,1
771,67,1
771,31,3
771,14,1
772,22,1
772,16,1
773,92,2
773,16,1
773,71,1
773,38,1
773,48,2
773,12,2
773,8,3
773,31,3
773,38,2
773,84,1
773,83,1
773,76,3
774,25,2
774,40,2
774,76,2
774,87,1
774,5,1
780,35,1
780,14,3
780,45,3
780,38,2
780,63,1
780,41,2
780,65,1
780,1,3
780,19,1
780,47,2
781,22,1
781,18,2
781,61,1
781,65,1
781,72,3
781,42,3
781,36,1
781,8,1
781,63,3
781,84,3
781,24,1
781,89,2
782,12,1
782,74,2
782,1,3
782,23,2
782,14,3
783,62,2
783,90,3
783,12,3
783,74,2
783,72,3
784,53,2
784,17,3
784,33,2
784,61,1
784,53,3
784,12,3
784,93,3
784,19,2
785,88,1
785,9,2
785,38,1
785,94,2
785,57,2
785,68,1
785,44,1
785,54,3
786,30,2
786,81,2
786,52,1
786,70,1
786,43,2
786,7,2
786,57,2
786,91,1
786,51,2
786,58,3
787,94,1
787,86,3
787,14,1
787,13,1
787,13,2
787,65,2
787,13,3
787,88,1
787,19,2
788,92,3
788,48,1
788,41,2
788,90,1
788,88,1
788,1,1
788,86,1
788,24,2
788,41,3
788,46,1
788,2,1
789,84,3
789,88,3
789,34,2
789,82,3
789,44,1
789,57,2
789,6,2
789,13,2
789,91,1
789,17,2
790,7,1
790,51,2
790,87,3
790,28,2
790,99,3
790,2,1
791,10,3
791,39,3
791,79,1
791,29,3
791,44,3
791,79,1
792,6,2
792,50,1
792,5,1
792,53,2
792,73,3
792,2,3
792,3,2
793,89,3
793,17,3
793,28,3
793,25,3
793,37,2
793,75,3
793,48,1
793,3,1
793,51,2
794,64,1
794,49,2
794,33,1
794,51,1
794,37,1
794,59,3
795,46,1
795,1,3
795,98,3
795,72,2
795,66,2
796,97,3
796,72,3
796,58,2
796,73,1
796,12,1
796,76,3
796,76,2
796,40,1
796,51,1
796,30,1
797,4,3
797,77,1
797,1,2
797,15,1
797,45,1
797,29,3
797,97,3
797,1,1
797,25,2
797,90,1
797,13,3
797,78,3
798,56,1
798,99,1
798,65,2
798,28,3
798,48,2
798,71,3
799,91,1
799,97,2
799,31,2
799,69,3
799,78,1
800,93,2
800,21,1
800,7,1
800,71,1
800,79,2
800,69,1
800,81,1
801,54,2
801,74,3
801,91,1
801,90,1
801,87,1
801,95,3
802,92,2
802,64,2
802,17,3
802,14,1
802,48,3
802,25,1
802,98,1
803,57,2
803,59,2
803,51,3
803,13,3
803,69,1
803,17,1
803,88,1
803,84,1
804,75,3
804,68,1
804,16,1
804,34,1
804,95,3
804,36,1
804,80,2
805,51,2
805,97,1
805,50,1
805,90,2
805,20,1
805,74,3
805,51,2
805,47,1
805,39,3
805,37,2
805,39,3
806,39,3
806,78,2
806,22,2
806,25,1
806,22,2
807,84,3
807,90,2
807,35,3
807,20,1
807,87,3
807,66,3
807,6,3
807,95,2
807,77,3
807,80,1
808,34,1
808,26,3
808,44,1
808,18,3
808,37,2
808,24,2
808,86,1
808,47,3
808,31,1
808,32,2
808,26,1
809,60,3
809,50,3
809,73,3
809,35,2
809,43,2
809,52,3
809,92,3
809,35,3
809,99,3
809,43,1
810,9,2
810,27,2
810,17,1
810,23,2
810,37,2
810,3,3
810,90,1
810,74,2
810,80,2
810,66,1
810,44,1
811,31,1
811,59,2
811,18,1
811,48,3
811,76,1
811,35,1
812,15,2
812,41,2
812,28,3
812,8,2
812,73,2
812,29,3
812,99,2
812,29,1
812,88,1
812,4,3
812,83,3
813,41,1
813,27,2
813,85,2
813,95,1
813,56,3
820,80,2
820,28,2
820,84,1
820,50,1
820,82,3
820,62,1
820,9,3
821,30,3
821,40,1
821,84,3
821,42,1
821,2,3
821,10,1
821,50,1
821,52,3
821,8,3
821,37,3
822,10,1
822,73,3
822,44,2
822,55,2
822,3,3
822,86,1
822,74,3
822,49,3
822,28,3
823,13,1
823,94,3
823,12,1
823,40,1
823,26,3
823,32,3
823,56,3
823,52,2
823,69,3
823,83,2
823,52,1
823,73,3
824,17,2
824,84,2
824,87,1
824,59,2
824,90,3
824,68,3
824,80,2
825,43,2
825,25,1
825,66,3
825,93,3
825,82,2
833,1,3
833,56,1
833,74,3
833,28,1
833,34,3
833,47,3
833,39,1
833,34,3
833,42,2
833,50,1
833,11,1
833,29,3
834,5,1
834,25,2
834,59,2
834,53,1
840,50,2
840,82,3
840,30,3
840,57,1
840,87,2
841,65,3
841,95,1
841,32,2
841,32,3
841,25,2
841,74,1
841,24,1
841,17,1
841,12,1
842,59,1
842,63,2
842,89,1
842,81,1
842,77,1
842,46,1
843,64,1
843,23,1
843,19,2
843,50,3
843,33,1
843,29,3
844,25,3
844,95,1
844,89,3
844,26,1
844,38,2
844,39,2
844,3,2
844,65,3
845,10,3
845,99,2
845,25,3
845,58,2
845,33,3
845,90,1
845,51,2
845,82,3
845,27,1
845,77,3
846,3,2
846,11,2
846,45,3
846,11,1
846,78,1
846,4,3
846,48,3
847,56,1
847,60,3
847,93,1
847,83,2
847,23,3
847,93,2
847,86,1
847,6,2
848,35,3
848,69,1
848,91,1
848,9,3
848,11,1
849,69,1
849,56,3
849,54,3
849,64,2
849,39,1
849,14,3
849,15,3
849,42,2
849,72,3
849,8,2
850,32,2
850,67,2
850,95,2
850,82,2
850,37,2
850,96,2
850,96,1
850,77,2
850,93,1
850,28,2
850,85,1
850,15,3
851,37,3
851,63,3
851,73,3
851,15,1
851,61,3
851,58,1
852,84,1
852,66,3
852,26,1
852,95,3
852,3,1
852,29,2
853,1,2
853,81,1
853,42,1
853,35,1
853,68,1
853,71,3
854,32,1
854,23,3
854,27,3
854,79,2
854,87,1
854,28,2
854,53,3
854,11,3
854,44,3
854,15,3
854,70,2
855,26,1
855,92,3
855,20,1
855,87,3
855,66,3
855,29,2
855,24,2
856,62,2
856,50,1
856,84,1
856,55,3
856,93,2
856,75,1
856,1,3
856,69,3
856,13,3
856,35,1
856,99,1
857,46,3
857,54,3
857,69,3
857,32,3
857,89,2
857,45,3
858,74,1
858,18,2
858,58,1
858,40,3
858,65,3
858,73,1
858,44,2
860,27,2
860,94,3
860,69,3
860,14,2
860,38,3
860,69,1
860,34,2
860,41,1
860,78,1
860,85,3
861,35,3
861,33,2
861,67,1
861,99,1
861,1,3
861,70,3
861,72,1
862,34,3
862,14,3
862,45,2
862,31,1
862,20,2
862,48,1
862,7,1
862,28,1
862,87,2
862,93,2
862,98,3
862,52,1
863,57,3
863,86,2
863,56,2
863,73,1
863,65,2
863,93,1
863,84,1
863,68,2
864,17,3
864,77,1
864,51,2
864,36,3
864,44,2
864,72,2
864,48,1
864,39,1
864,49,1
865,24,1
865,16,3
865,2,2
865,31,1
865,82,3
865,85,2
865,57,1
866,13,1
866,69,1
866,41,1
866,63,1
866,18,2
866,43,3
866,45,1
867,64,1
867,55,2
867,69,3
867,70,3
867,32,3
867,45,3
867,42,3
867,87,2
867,71,2
867,22,1
867,75,3
867,40,1
868,63,2
868,79,1
868,58,1
868,8,2
868,7,3
868,82,1
868,47,2
868,77,1
868,34,2
868,59,2
869,75,2
869,90,3
869,59,1
869,34,2
869,78,1
869,5,2
869,30,2
869,66,3
869,4,1
869,25,1
870,55,1
870,66,2
870,65,3
870,23,3
870,9,2
870,23,2
870,70,2
871,42,3
871,29,2
871,66,1
871,13,3
871,73,1
871,46,2
871,88,2
871,25,2
872,51,1
872,76,3
872,74,2
872,49,3
872,56,2
872,44,1
872,79,3
872,74,3
873,21,1
873,91,1
873,70,3
873,53,3
873,67,2
873,37,1
873,84,2
873,50,2
873,95,3
873,67,2
874,63,2
874,95,1
877,14,2
877,60,3
877,7,2
877,41,1
877,72,2
877,55,3
877,27,1
878,97,3
878,60,3
878,2,3
878,41,1
879,40,1
879,45,1
880,73,1
880,27,2
880,31,3
880,8,3
880,1,3
880,43,3
880,42,2
880,12,2
880,82,2
880,58,3
880,32,1
881,49,2
881,32,2
881,87,3
881,6,3
881,18,3
881,31,2
882,32,2
882,23,3
882,11,2
882,33,2
882,9,3
882,88,2
882,10,1
882,14,3
882,90,2
882,42,3
883,63,1
883,2,2
883,19,2
883,54,1
883,55,1
883,66,1
883,34,3
884,74,1
884,54,2
884,52,2
884,89,3
884,78,3
884,89,1
884,73,1
884,23,3
884,69,2
884,79,3
884,59,2
885,69,3
885,59,1
885,63,1
885,59,2
885,26,1
885,83,2
885,71,3
885,16,1
885,97,2
885,35,3
886,71,2
886,57,3
886,96,2
886,66,1
886,94,1
886,28,2
886,37,2
886,58,1
887,66,3
887,54,1
887,24,3
887,17,2
887,18,2
887,34,1
887,6,2
887,9,3
888,35,2
888,9,1
888,8,3
888,89,2
888,89,3
889,97,2
889,70,2
889,4,3
889,94,3
889,72,2
889,20,3
889,50,2
890,13,1
890,69,3
890,7,1
890,25,2
890,56,1
891,53,3
891,75,1
891,2,2
891,60,2
891,78,2
891,4,1
891,13,2
891,32,1
892,96,3
892,61,1
892,84,2
892,64,1
892,24,1
893,61,1
893,59,2
893,40,1
893,53,1
893,19,1
893,98,2
894,40,3
894,58,2
894,79,1
898,22,1
898,22,1
898,96,1
900,95,3
900,80,1
900,50,1
900,70,3
900,44,2
900,70,1
900,71,2
900,62,2
900,50,1
900,6,1
900,3,3
900,76,3
901,89,2
901,43,3
901,19,3
901,40,1
901,3,1
901,82,2
901,86,1
901,9,2
901,27,2
901,98,1
902,52,2
902,57,1
902,92,1
902,13,1
902,71,1
902,35,3
902,93,1
902,18,3
902,99,3
903,68,2
903,65,1
903,64,2
903,89,2
903,18,2
904,80,1
904,99,3
904,18,3
904,90,2
904,14,3
904,15,3
904,54,1
905,34,2
905,53,1
905,7,1
905,17,3
905,32,3
906,12,1
906,4,3
906,34,3
906,92,2
906,2,2
906,95,2
906,56,2
906,29,3
906,97,2
906,40,2
907,82,2
907,50,1
907,14,3
907,12,2
907,31,1
907,47,2
907,93,3
907,81,1
908,63,2
908,69,1
908,21,2
908,97,1
908,96,3
908,17,2
909,20,1
909,36,1
909,80,2
909,53,3
909,57,3
909,35,3
909,38,2
909,60,1
909,85,1
909,75,1
909,82,1
910,40,3
910,54,3
910,97,2
910,71,1
910,15,1
911,52,3
911,89,2
911,37,3
911,12,1
911,13,3
912,30,2
912,29,2
912,87,3
912,37,3
912,65,1
912,93,1
912,68,3
912,36,3
912,54,3
912,3,2
912,52,2
913,26,3
913,96,2
913,11,3
913,24,1
913,4,1
913,91,2
913,7,2
913,79,3
913,68,2
914,77,2
914,71,3
914,80,3
914,7,1
914,12,2
914,5,1
915,98,2
915,88,3
915,79,1
915,93,3
915,34,1
915,75,3
915,37,3
916,44,3
916,22,3
916,16,1
916,61,1
916,72,3
916,87,2
916,67,3
917,17,1
917,87,3
920,21,2
920,28,3
920,96,3
920,15,3
920,69,1
920,74,1
920,37,3
920,38,3
920,9,1
921,61,3
921,47,3
921,71,2
921,90,2
921,52,3
921,32,1
921,86,3
921,43,1
921,40,3
921,12,1
921,1,2
922,16,2
922,61,1
922,71,2
922,42,3
922,98,1
922,18,3
922,99,1
922,58,2
922,43,1
922,18,1
922,76,2
923,94,2
923,3,1
923,38,2
923,56,3
923,48,2
923,55,2
923,60,1
923,5,2
924,13,2
924,41,2
924,30,3
924,3,1
924,57,2
924,10,2
924,65,2
924,91,2
925,6,2
925,54,2
925,33,1
925,2,2
925,84,2
925,88,1
925,19,2
925,9,3
925,27,2
926,78,1
926,53,3
926,89,1
926,34,3
926,67,2
926,76,3
926,30,1
927,58,1
940,39,1
940,86,1
940,67,2
940,63,3
940,60,3
940,18,2
941,91,2
941,81,3
941,42,3
941,70,1
941,76,1
941,95,1
941,39,3
941,62,2
942,46,3
942,8,1
942,44,2
942,92,3
942,86,2
942,56,2
943,42,3
943,56,3
943,62,1
943,52,1
943,3,3
943,66,2
943,51,2
944,69,1
944,46,3
944,85,3
944,52,1
944,97,2
944,58,1
945,77,1
945,2,3
945,90,3
945,54,2
945,22,3
945,57,1
945,18,2
946,7,3
946,98,1
946,74,1
946,32,2
946,98,1
946,69,3
947,52,2
947,52,1
947,88,3
947,54,1
947,61,2
947,17,2
947,37,1
947,91,3
947,92,2
947,2,1
948,2,3
948,80,2
948,37,3
948,12,2
948,39,1
948,26,3
949,55,3
949,27,2
949,78,2
949,24,3
949,6,2
950,39,3
950,24,1
950,22,2
950,72,1
950,57,2
950,35,2
950,10,2
951,22,2
951,98,1
960,15,2
960,46,3
960,79,2
960,58,1
960,49,3
961,60,3
961,69,1
961,54,2
961,65,1
961,50,3
961,49,3
962,49,3
962,33,3
962,93,3
962,19,3
962,66,1
962,43,1
963,4,3
963,81,3
963,5,3
963,82,1
963,59,1
963,52,1
963,68,1
963,77,2
964,59,1
964,67,3
964,85,3
964,44,3
964,24,3
965,22,2
965,52,2
965,17,1
965,72,1
965,68,1
965,3,1
966,36,2
966,28,2
966,77,2
966,81,3
966,24,3
966,33,2
966,67,3
966,63,1
966,11,1
967,75,1
967,20,1
967,59,2
967,32,1
967,24,3
968,1,1
968,97,2
968,32,2
968,41,1
968,98,3
968,40,1
968,46,2
968,29,3
968,98,2
973,95,3
973,85,1
973,5,2
973,94,3
973,10,1
973,39,1
973,3,1
973,67,3
973,64,2
974,38,1
974,43,3
974,91,3
974,20,1
974,67,1
974,30,2
974,30,1
975,72,3
975,52,1
975,73,3
975,5,3
975,48,2
975,69,1
975,1,1
976,1,2
976,32,2
976,63,2
976,16,3
976,21,2
976,29,1
976,85,1
976,62,3
976,80,2
977,8,1
977,54,1
977,97,3
977,98,3
977,23,1
977,19,3
978,17,1
980,3,1
980,78,3
980,70,1
980,23,1
980,70,1
980,88,1
980,76,2
980,51,1
980,99,3
981,85,2
981,69,3
981,2,1
981,51,2
981,21,3
982,17,1
982,8,1
982,78,2
982,39,2
982,3,3
982,65,1
982,98,2
982,63,1
982,65,3
982,78,3
982,62,1
983,29,1
983,12,1
983,88,1
983,50,2
983,13,1
983,43,3
983,36,3
983,44,3
983,7,2
984,87,1
984,61,2
984,35,2
984,92,2
984,38,2
984,93,3
984,8,3
984,87,3
984,99,1
984,82,1
984,11,2
984,97,1
985,53,1
985,53,1
985,32,2
985,90,3
985,49,1
985,47,1
985,2,1
985,96,2
985,10,3
985,69,2
985,3,1
986,31,2
986,2,2
986,6,1
986,94,3
986,83,1
986,83,3
986,55,2
986,2,3
986,70,3
986,16,1
986,28,3
987,97,2
987,73,2
987,90,3
987,47,1
987,15,3
987,84,1
987,51,1
987,7,3
987,92,3
987,56,1
987,18,2
987,45,2
988,41,2
988,96,3
988,78,2
988,89,2
988,43,1
989,51,2
989,21,1
989,77,3
989,48,1
989,49,1
991,40,2
991,73,2
992,96,2
992,92,2
992,75,1
992,55,2
992,50,1
992,71,1
992,25,2
993,94,1
995,74,1
995,33,3
995,1,1
995,55,3
995,25,1
996,43,2
996,11,2
996,35,3
996,44,1
996,50,1
996,57,2
996,80,1
996,29,1
1000,77,1
1000,33,3
1000,91,3
1000,55,1
1000,76,3
1000,80,2
1000,41,1
1000,37,3
1000,90,3
